b6607a50-29fa-453c-bd76-2e5dca54b696_d69294d7-8d64-4915-a896-9996a014c410,"market for electricity, low voltage",TR,"electricity, low voltage",736.9446656817382
4455ec51-770b-4bc6-84bd-180842c0a58b_d69294d7-8d64-4915-a896-9996a014c410,"market for electricity, low voltage",RU,"electricity, low voltage",794.366443706359
d8ec65d9-b87f-4ad0-a6ae-9f127480a4df_d69294d7-8d64-4915-a896-9996a014c410,"market for electricity, low voltage",BY,"electricity, low voltage",703.4446104746771
58ba4417-98e5-45a0-a752-956cfcf34e2b_d69294d7-8d64-4915-a896-9996a014c410,"market for electricity, low voltage",AL,"electricity, low voltage",377.03250338331196
d6ba0022-fb16-44f2-974d-51664d7f78da_d69294d7-8d64-4915-a896-9996a014c410,"market for electricity, low voltage",HR,"electricity, low voltage",410.80368320042436
6ebb10dd-3f22-4a57-9b8f-b56bbf7a6322_d69294d7-8d64-4915-a896-9996a014c410,"market for electricity, low voltage",MD,"electricity, low voltage",771.9454203865023
6cc06de1-ca22-4669-9914-9e6b6f77a3c0_d69294d7-8d64-4915-a896-9996a014c410,"market for electricity, low voltage",LU,"electricity, low voltage",554.8155235752239
61ae973a-b77f-4767-bf6f-f51a9142e55d_d69294d7-8d64-4915-a896-9996a014c410,"market for electricity, low voltage",UA,"electricity, low voltage",711.9529131136593
6a34d5a1-7683-40e4-87fe-6605c8b6b808_d69294d7-8d64-4915-a896-9996a014c410,"market for electricity, low voltage",MT,"electricity, low voltage",1296.6163297779885
